timestamp,method,path,status,uuid,src_ip,src_port,response_version,response_sess_uuid,header_user-agent
2025-01-09 17:31:15.638815,GET,/,200,53cfc2cb-d8af-4542-9c94-ab8974604ac8,45.156.129.130,33961,0.6.0,e488788a-b23f-4478-85a0-0044cbc533f0,"Mozilla/5.0 (Windows NT 10.0; Win64; x64) AppleWebKit/537.36 (KHTML, like Gecko) Chrome/60.0.3112.113 Safari/537.36 "
2025-01-09 17:31:16.402025,GET,/,200,53cfc2cb-d8af-4542-9c94-ab8974604ac8,118.33.169.205,61200,0.6.0,56749d63-bb40-4d9c-a15f-3380a9fe6188,curl/7.88.1
2025-01-09 17:49:52.016631,GET,/,200,53cfc2cb-d8af-4542-9c94-ab8974604ac8,193.200.78.250,51216,0.6.0,fd8a5344-eeb4-464e-9430-67648b7a082e,"Mozilla/5.0 (Windows NT 10.0; Win64; x64) AppleWebKit/537.36 (KHTML, like Gecko) Chrome/90.0.4430.85 Safari/537.36 Edg/90.0.818.46"
2025-01-09 17:55:06.422076,GET,/,200,53cfc2cb-d8af-4542-9c94-ab8974604ac8,87.121.79.3,50162,0.6.0,b20c9658-69da-468d-81c3-031f6182ff88,"Mozilla/5.0 (Windows NT 10.0; Win64; x64) AppleWebKit/537.36 (KHTML, like Gecko) Chrome/90.0.4430.85 Safari/537.36 Edg/90.0.818.46"
2025-01-09 18:01:24.536264,GET,/,200,53cfc2cb-d8af-4542-9c94-ab8974604ac8,69.164.217.74,53842,0.6.0,750d2021-463f-4a26-a8af-3a47a624fad4,Mozilla/5.0 zgrab/0.x
2025-01-09 18:16:12.619239,GET,/,200,53cfc2cb-d8af-4542-9c94-ab8974604ac8,5.181.190.248,39022,0.6.0,9f9e7a5c-6877-4b8c-8788-d786afa9ce18,
2025-01-09 18:34:37.270527,GET,/,200,53cfc2cb-d8af-4542-9c94-ab8974604ac8,45.156.128.47,49099,0.6.0,c27994b4-86b0-4cfa-84fe-7ce2336824fc,"Mozilla/5.0 (Windows NT 10.0; Win64; x64) AppleWebKit/537.36 (KHTML, like Gecko) Chrome/60.0.3112.113 Safari/537.36 "
2025-01-09 18:52:02.461874,GET,/,200,53cfc2cb-d8af-4542-9c94-ab8974604ac8,213.32.122.81,33103,0.6.0,43628286-5108-4f10-ace2-2287a9e1c8fe,"Mozilla/5.0 (Windows NT 6.1) AppleWebKit/537.36 (KHTML, like Gecko) Chrome/41.0.2228.0 Safari/537.36"
2025-01-09 19:01:14.508766,HEAD,/Core/Skin/Login.aspx,200,53cfc2cb-d8af-4542-9c94-ab8974604ac8,124.156.187.113,37836,0.6.0,cacba44b-4f08-402f-accc-6de5da0abe80,"Mozilla/5.0 (Windows NT 10.0; Win64; x64) AppleWebKit/537.36 (KHTML, like Gecko) Chrome/106.0.0.0 Safari/537.36"
2025-01-09 19:13:11.869482,GET,/,200,53cfc2cb-d8af-4542-9c94-ab8974604ac8,193.200.78.250,45228,0.6.0,3b22d575-63e8-4aaf-92a4-073558e8d31d,"Mozilla/5.0 (Windows NT 10.0; Win64; x64) AppleWebKit/537.36 (KHTML, like Gecko) Chrome/90.0.4430.85 Safari/537.36 Edg/90.0.818.46"
2025-01-09 19:43:17.880939,GET,/,200,53cfc2cb-d8af-4542-9c94-ab8974604ac8,118.172.199.156,48091,0.6.0,b938f7bf-0faf-450e-8adf-ad8ebf629d24,"Mozilla/5.0 (Linux; U; Android 4.0.3; ko-kr; LG-L160L Build/IML74K) AppleWebkit/534.30 (KHTML, like Gecko) Version/4.0 Mobile Safari/534.30"
2025-01-09 19:53:55.616163,GET,/,200,53cfc2cb-d8af-4542-9c94-ab8974604ac8,45.95.147.253,61001,0.6.0,8b48bf60-e0e6-41ee-b6c4-2e71df145cba,ivre-masscan/1.3 https://github.com/robertdavidgraham/
2025-01-09 19:57:28.957079,GET,/,200,53cfc2cb-d8af-4542-9c94-ab8974604ac8,5.181.190.248,41560,0.6.0,bb8c18b6-ec4b-43dc-be92-dcf43bbf7620,
2025-01-09 19:59:15.622455,GET,/,200,53cfc2cb-d8af-4542-9c94-ab8974604ac8,183.107.74.184,62595,0.6.0,48dfc128-e304-46fc-a16a-17b87dbf5c2b,curl/7.88.1
2025-01-09 20:03:44.503150,GET,/,200,53cfc2cb-d8af-4542-9c94-ab8974604ac8,91.223.3.201,48738,0.6.0,795df8ba-dd05-4d06-ac5b-aa0f5d5744f3,"Mozilla/5.0 (Windows NT 10.0; Win64; x64) AppleWebKit/537.36 (KHTML, like Gecko) Chrome/90.0.4430.85 Safari/537.36 Edg/90.0.818.46"
2025-01-09 20:20:03.442666,GET,/,200,53cfc2cb-d8af-4542-9c94-ab8974604ac8,198.235.24.128,53815,0.6.0,59018f2a-a3b1-4b09-82d9-51ce6dc2e76c,"Expanse, a Palo Alto Networks company, searches across the global IPv4 space multiple times per day to identify customers&#39; presences on the Internet. If you would like to be excluded from our scans, please send IP addresses/domains to: scaninfo@paloaltonetworks.com"
2025-01-09 20:55:53.357963,GET,/,200,53cfc2cb-d8af-4542-9c94-ab8974604ac8,46.19.138.234,41606,0.6.0,9149d5c8-94fe-475e-b7b7-4b8237f8133a,"Mozilla/5.0 (Windows NT 10.0; Win64; x64) AppleWebKit/537.36 (KHTML, like Gecko) Chrome/90.0.4430.85 Safari/537.36 Edg/90.0.818.46"
2025-01-09 20:57:51.530776,GET,/cdn-cgi/trace,200,53cfc2cb-d8af-4542-9c94-ab8974604ac8,159.223.67.34,35866,0.6.0,e2fc79b4-9c08-4c46-b4f9-ffbd9a950551,Mozilla/5.0
2025-01-09 20:59:34.843521,GET,/cdn-cgi/trace,200,53cfc2cb-d8af-4542-9c94-ab8974604ac8,178.128.54.126,33100,0.6.0,4a4b4933-ff05-451d-9bab-c452e432c15a,Mozilla/5.0
2025-01-09 21:52:54.904495,HEAD,/Core/Skin/Login.aspx,200,53cfc2cb-d8af-4542-9c94-ab8974604ac8,124.156.187.113,42560,0.6.0,a7e848af-8f96-4dad-b901-426a40716933,"Mozilla/5.0 (Windows NT 10.0; Win64; x64) AppleWebKit/537.36 (KHTML, like Gecko) Chrome/106.0.0.0 Safari/537.36"
2025-01-09 22:27:10.575923,GET,/,200,53cfc2cb-d8af-4542-9c94-ab8974604ac8,87.121.79.3,36248,0.6.0,acc92967-3168-424a-a296-a8c88b6286f7,"Mozilla/5.0 (Windows NT 10.0; Win64; x64) AppleWebKit/537.36 (KHTML, like Gecko) Chrome/90.0.4430.85 Safari/537.36 Edg/90.0.818.46"
2025-01-09 22:31:41.758803,GET,/logon.htm,200,53cfc2cb-d8af-4542-9c94-ab8974604ac8,193.200.78.250,42030,0.6.0,842f92f8-2e9a-42b9-baf2-db3d0741cba2,Hello World
2025-01-09 22:46:48.350765,GET,/,200,53cfc2cb-d8af-4542-9c94-ab8974604ac8,139.162.71.210,51034,0.6.0,26960b49-970c-4d47-a8ef-67d37aa389a3,Mozilla/5.0 zgrab/0.x
2025-01-09 22:50:30.600088,GET,/,200,53cfc2cb-d8af-4542-9c94-ab8974604ac8,80.183.93.156,60285,0.6.0,c9d7a720-bb05-48ef-b50c-aa03731cb493,curl/7.88.1
2025-01-09 22:51:25.832704,GET,/,200,53cfc2cb-d8af-4542-9c94-ab8974604ac8,93.174.93.12,60000,0.6.0,d06463c1-2e28-4f00-840a-71931d98005b,"Mozilla/5.0 (Windows NT 10.0; Win64; x64) AppleWebKit/537.36 (KHTML, like Gecko) Chrome/74.0.3729.172 Safari/537.36 Vivaldi/2.5.1525.48"
